opsin,id,sequence
PsChR2,575827883,MTMLEHLEGTMDGWYAENDLGQGAIIAHWVTFFFHMITTFYLGYVSFHSKGPGGKQPYFAGYHEENNIGIFVNLFAAISYFGKVVSDTHGHNYQNVGPFIIGLGNYRYADYMLTCPLLVMDLLFQLRAPYKITCAMLIFAVLMIGAVTNFYPGDDMKGPAVAWFCFGCFWYLIAYIFMAHIVSKQYGRLDYLAHGTKAEGALFSLKLAIITFFAIWVAFPLVWLLSVGTGVLSNEAAEICHCICDVVAKSVYGFALANFREQYDRELYGLLNSIGLDGEDVVQQLEKEMQTNHHKKKSINSPAVG
Volvox channelrhodopsin-1,1233054911,MSRRPWLLALALAVALAAGSAGASTGSDATVPVATQDGPDYVFHRAHERMLFQTSYTLENNGSVICMPRGQCYCEGWLRSRGTSIEKTIAITLQWVVFALSVACLGWYAYQAWRATCGWEEVYVALIEMMKSIIEAFHEFDSPATLWLSSGNGVVWMRYGEWLLTCPVLLIHLSNLTGLKDDYSKRTMGLLVSDVGCIVWGATSAMCTGWTKILFFLISLSYGMYTYFHAAKVYIEAFHTVPKGICRELVRVMAWTFFVAWGMFPVLFLLGTEGFGHISPYGSAIGHSILDLIAKNMWGVLGNYLRVKIHEHILLYGDIRKKQKITIAGQEMEVETLVAEEEDR
ChRmine,2797282177,MKTIIALSYIFCLVFADYKDDDDAMGTTSAPSLSDPNWQYGMGGWNNPRLPNFNLHDPTVIGVDWLGFLCLLGASLALMYKLMSFKGPDGDQEFFVGYREEKCLSIYVNLIAAITYWGRICAHFNNDMGLSLSVNYFKYLDYIFTCPILTLDLLWSLNLPYKITYSLFVGLTIACGVFCNAFEPPARYLWFMFGCFIFAFTWISIIRLVYARFQQFLNEDAKKIRAPLKLSLTLYFSIWCGYPALWLLTEFGAISQLAAHVTTVIMDVAAKSVYGFALLKFQLGVDKRDVWLDELKSVRYRDVVPQIRPSKTREGRMEYSEDGDFMRPSKGKRAEGDYMNPRWDHHDDGRRLPDSREMDEQVHEKDQEISSTMKQIADLNKQLSAMQESEAVENLYFQ
Acetabularia rhodopsin I,922664956,GSSGSSGMSNPNPFQTTLGTDAQWVVFAVMALAAIVFSIAVQFRPLPLRLTYYVNIAICTIAATAYYAMAVNGGDNKPTAGTGADERQVIYARYIDWVFTTPLLLLDLVLLTNMPATMIAWIMGADIAMIAFGIIGAFTVGSYKWFYFVVGCIMLAVLAWGMINPIFKEELQKHKEYTGAYTTLLIYLIVLWVIYPIVWGLGAGGHIIGVDVEIIAMGILDLLAKPLYAIGVLITVEVVYGKLG
ChR2,2835017848,MAARNGPINLTLTSVVSAQAVDSASPEKNVLEDLRNENQILRTLLRHQELIEDLVEVNASLRHMLQERVELQVAEASLEVKGKFSASREFRGDPMCTASKSHINGSSKKNLSVVERTLALA
Channelrhodopsin-1,2552638229,MPFCGGRPEDGWHHGSIHDMDYPLLGAMAAICSVFIGGSGAWMLYRLDLGLGYSCKPHHSGYAPEANSFSALSCLVSGTIYAAKTFDFFDGGGTPFSFNWYWYLDYVFTCPLILLDVLYTLEIPHKLRFVFAVIITLWCGVAAFVTPSAFRFGYYAVGCVWFVPFSFSLLRHVKQRYQVYPPKCQKLLFWACTIFFGFWPLFPILFLFSWLGTGHIDQQAFTIIHAFLDLFCKTVFGLIMTFFRLELEEHTEVLGLPLNEPKGKH
Archaerhodopsin,2571477637,APPIMGSSVYITVELAIAVLAILGNVLVCWAVWLNSNLQNVTNYFVVSLAAADILVGVLAIPFAITISTGFCAACHGCLFIACFVLVLAQSSIFSLLAIAIDRYIAIAIPLRYNGLVTGTRAAGIIAICWVLSFAIGLTPMLGWNNCGQPKEGKAHSQGCGEGQVACLFEDVVPMNYMVYFNFFACVLVPLLLMLGVYLRIFAAARRQLADLEDNWETLNDNLKVIEKADNAAQVKDALTKMRAAALDAQKATPPKLEDKSPDSPEMKDFRHGFDILVGQIDDALKLANEGKVKEAQAAAEQLKTTRNAYIQKYLERARSTLQKEVHAAKSAAIIAGLFALCWLPLHIINCFTFFCPDCSHAPLWLMYLAIVLAHTNSVVNPFIYAYRIREFRQTFRKIIRSHVLRQQEPFKAHHHHHHHHHH
NsChR,575827846,MADFVWQGAGNGGPSAMVSHYPNGSVLLESSGSCYCEDWYTSRGNHVEHSLSNACDWFAFAISVIFLVYYAWAAFNSSVGWEEIYVCTVELIKVSIDQFLSSNSPCTLYLSTGNRVLWIRYGEWLLTCPVILIHLSNVTGLKDNYSKRTMALLVSDIGTIVFGVTSAMCTGYPKVIFFILGCCYGANTFFNAAKVYLEAHHTLPKGSCRTLIRLMAYTYYASWGMFPILFVLGPESFGHMNMYQSNIAHTVIDLMSKNIWGMLGHFLRHKIREHILIHGDLRTTTTVNVAGEEMQVETMVAAEDADETTV
Anabaena sensory rhodopsin,2839558324,MTGKHTWAIPEGYIPEESTGPEPEMESHETVCVLNTNDEEATIELTCYFTDREPVGPYELTVPAERTRHFRFNDLEDPKPVPRGEDFASVLESDVPVVCQHTRLDSRQAENALLTTIAHPGE
CarO rhodopsin,109940055,MAASGKTSKSEPNHVIFKKISRDKSVTIYLGNRDYIDHVSQVQPVDGVVLVDPDLVKGKKVYVTLTCAFRYGQEDIDVIGLTFRRDLYFSRVQVYPPVGAASTPTKLQESLLKKLGSNTYPFLLTFPDYLPCSVMLQPAPQDSGKSCGVDFEVKAFATDSTDAEEDKIPKKSSVRLLIRKVQHAPLEMGPQPRAEAAWQFFMSDKPLHLAVSLNKEIYFHGEPIPVTVTVTNNTEKTVKKIKAFVEQVANVVLYSSDYYVKPVAMEEAQEKVPPNSTLTKTLTLLPLLANNRERRGIALDGKIKHEDTNLASSTIIKEGIDRTVLGILVSYQIKVKLTVSGFLGELTSSEVATEVPFRLMHPQPEDPAKESYQDANLVFEEFARHNLKDAGEAEEGKRDKNDVDE
Halo57,109392345,MRPITTRRPRTHKRIQPQTTSDNELIFRTDATSDIHAARLGCWEWFDGLDEQLILGVDVFRVAHSYESGRSYIDVLAVDVPTRSPAWRNLTEPSEWHHVGPDFTIPSEAFAGRPYTVAPMPRYTG
Jaws,62511179,MAELRPSGAPGPTAPPAPGPTAPPAFASLFPPGLHAIYGECRRLYPDQPNPLQVTAIVKYWLGGPDPLDYVSMYRNVGSPSANIPEHWHYISFGLSDLYGDNRVHEFTGTDGPSGFGFELTFRLKRETGESAPPTWPAELMQGLARYVFQSENTFCSGDHVSWHSPLDNSESRIQHMLLTEDPQMQPVQTPFGVVTFLQIVGVCTEELHSAQQWNGQGILELLRTVPIAGGPWLITDMRRGETIFEIDPHLQERVDKGIETDGSNLSGVSAKCAWDDLSRPPEDDEDSRSICIGTQPRRLSGKDTEQIRETLRRGLEINSKPVLPPINPQRQNGLAHDRAPSRKDSLESDSSTAIIPHELIRTRQLESVHLKFNQESGALIPLCLRGRLLHGRHFTYKSITGDMAITFVSTGVEGAFATEEHPYAAHGPWLQILLTEEFVEKMLEDLEDLTSPEEFKLPKEYSWPEKKLKVSILPDVVFDSPLH
Salinibacter sensory rhodopsin,2675870960,MEPITIVYVVGTLGMLVGIPPALSLVGDEVGIDFDYLWAIPGIAALMYLLMAFDIGSVQFQGYHVPIPRYIDWALTTPLLVGYTAYVAGASRSATVGIALADFLMIAFGAGAVATGPPTQWVFYGLSSLCHIGILVGLYGPVRRSALNEPPSHRRLARLLLNYIGFLWLAYPLVWVFGPGLQWVDAAGIAVIITYLDVTAKVPFVYFIYRARKNFVQVQEAVPDDDLSETGASESGPAVAVTAT
Neurospora rhodopsin,32699624,MIHPEQVADMLRPTTSTTSSHVPGPVPTVVPTPTEYQTLGETGHRTLWVTFALMVLSSGIFALLSWNVPTSKRLFHVITTLITVVASLSYFAMATGHATTFNCDTAWDHHKHVPDTSHQVCRQVFWGRYVDWALTTPLLLLELCLLAGVDGAHTLMAIVADVIMVLCGLFAALGEGGNTAQKWGWYTIGCFSYLFVIWHVALHGSRTVTAKGRGVSRLFTGLAVFALLLWTAYPIIWGIAGGARRTNVDTEILIYTVLDLLAKPVFGFWLLLSHRAMPETNIDLPGYWSHGLATEGRIRIGEED
Halorhodopsin from Natronomonas,2833775925,MNPRPIEPATEAWLWVGVAGMALAAIVMLAFVKRARTPFEESQAVSQFFVLLIAFGTYLAMALGQGSLTADDGRQVFVSRYITWTFTTPLLLLGLATTALGSPITRRKPVVAGLIGADIIMILTGLVAALSPSGSHEKWIWYGVSSGAFLAVYYLICGPLLLEARVTGADHRRLYLRNAVVLSVIWFLYPVNFLLGNEGLGQWGGTATTAIYTLLDLASKAAYGFFAITGVRALTDRAGAPALTLDEAARRAGGTEADPARSG
Acetabularia rhodopsin II,339717436,MADVETETGMIAQWIVFAIMAAAAIAFGVAVHFRPSELKSAYYINIAICTIAATAYYAMAVNYQDLTMNGERQVVYARYIDWVLTTPLLLLDLIVMTKMGGVMISWVIGADIFMIVFGILGAFEDEHKFKWVYFIAGCVMQAVLTYGMYNATWKDDLKKSPEYHSSYVSLLVFLSILWVFYPVVWAFGSGSGVLSVDNEAILMGILDVLAKPLFGMGCLIAHETIFKKM
Chronos,575827602,METAATMTHAFISAVPSAEATIRGLLSAAAVVTPAADAHGETSNATTAGADHGCFPHINHGTELQHKIAVGLQWFTVIVAIVQLIFYGWHSFKATTGWEEVYVCVIELVKCFIELFHEVDSPATVYQTNGGAVIWLRYSMWLLTCPVILIHLSNLTGLHEEYSKRTMTILVTDIGNIVWGITAAFTKGPLKILFFMIGLFYGVTCFFQIAKVYIESYHTLPKGVCRKICKIMAYVFFCSWLMFPVMFIAGHEGLGLITPYTSGIGHLILDLISKNTWGFLGHHLRVKIHEHILIHGDIRKTTTINVAGENMEIETFVDEEEEGGV
VChR1,1760936836,MDYPVARSLIVRYPTDLGNGTVCMPRGQCYCEGWLRSRGTSIEKTIAITLQWVVFALSVACLGWYAYQAWRATCGWEEVYVALIEMMKSIIEAFHEFDSPATLWLSSGNGVVWMRYGEWLLTCPVLLIHLSNLTGLKDDYSKRTMGLLVSDVGCIVWGATSAMCTGWTKILFFLISLSYGMYTYFHAAKVYIEAFHTVPKGICRELVRVMAWTFFVAWGMFPVLFLLGTEGFGHISPYGSAIGHSILDLIAKNMWGVLGNYLRVKIHEHILLYGDIRKKQKITIAGQEMEVETLVAEEED
Channelrhodopsin-2,2801810277,MDYGGALSAVGRELLFVTNPVVVNGSVLVPEDQCYCAGWIESRGTNGAQTASNVLQWLAAGFSILLLMFYAYQTWKSTCGWEEIYVCAIEMVKVILEFFFEFKNPSMLYLATGHRVQWLRYAEWLLTCPVILIHLSNLTGLSNDYSRRTMGLLVSDIGTIVWGATSAMATGYVKVIFFCLGLCYGANTFFHAAKAYIEGYHTVPKGRCRQVVTGMAWLFFVSWGMFPILFILGPEGFGVLSVYGSTVGHTIIDLMSKNCWGLLGHYLRVLIHEHILIHGDIRKTTKLNIGGTEIEVETLVEDEAEAGAVNKGTGK
Thermophilic rhodopsin,1829097528,MEALWLWIGFVGMLLGTLYFAFLLTNAPEGTRYFFVITATITGIAAIAYLVMATGSGSTVLPDGREFYWARYIDWVITTPLLLLDLCLLALADPRRNVTFIASLIALDVVMILTGLWAGATVNVAGRAILFIISTAAFIGVLYLLVSRLFAEASRRTPAVAQIFRTLAVLTIVLWICYPIVWLIGTEGFGAVSLSVEVFLFMVLDLLAKVGFGLLLLSSRQALSDIGSGAVAGTARRVA
CheTa,210032365,MRVLWVLGLCCVLLTFGFVRADDEVDVDGTVEEDLGKSREGSRTDDEVVQREEEAIQLDGLNASQIRELREKSEKFAFQAEVNRMMKLIINSLYKNKEIFLRELISNASDALDKIRLISLTDENALAGNEELTVKIKCDREKNLLHVTDTGVGMTREELVKNLGTIAKSGTSEFLNKMTEAQEDGQSTSELIGQFGVGFYSAFLVADKVIVTSKHNNDTQHIWESDSNEFSVIADPRGNTLGRGTTITLVLKEEASDYLELDTIKNLVRKYSQFINFPIYVWSSKTETVEEPLEEDETAQEEKEEADDEAAVEEEEEEKKPKTKKVEKTVWDWELMNDIKPIWQRPSKEVEEDEYKAFYKSFSKESDDPMAYIHFTAEGEVTFKSILFVPTSAPRGLFDEYGSKKSDYIKLYVRRVFITDDFHDMMPKYLNFVKGVVDSDDLPLNVSRETLQQHKLLKVIRKKLVRKTLDMIKKIADEKYNDTFWKEFGTNIKLGVIEDHSNRTRLAKLLRFQSSHHSTDITSLDQYVERMKEKQDKIYFMAGSSRKEAESSPFVERLLKKGYEVIYLTEPVDEYCIQALPEFDGKRFQNVAKEGVKFDESEKSKESREATEKEFEPLLNWMKDKALKDKIEKAVVSQRLTESPCALVASQYGWSGNMERIMKAQAYQTGKDISTNYYASQKKTFEINPRHPLIRDMLRRVKEDEDDKTVMDLAVVLFETATLRSGYLLPDTKAYGDRIERMLRLSLNIDPEAQVEEEPEEEPEDTTEDTTDDSEQDEEETDAGAEEEEEEQETEKEPTEKDEL
Archaerhodopsin-3,2571477637,APPIMGSSVYITVELAIAVLAILGNVLVCWAVWLNSNLQNVTNYFVVSLAAADILVGVLAIPFAITISTGFCAACHGCLFIACFVLVLAQSSIFSLLAIAIDRYIAIAIPLRYNGLVTGTRAAGIIAICWVLSFAIGLTPMLGWNNCGQPKEGKAHSQGCGEGQVACLFEDVVPMNYMVYFNFFACVLVPLLLMLGVYLRIFAAARRQLADLEDNWETLNDNLKVIEKADNAAQVKDALTKMRAAALDAQKATPPKLEDKSPDSPEMKDFRHGFDILVGQIDDALKLANEGKVKEAQAAAEQLKTTRNAYIQKYLERARSTLQKEVHAAKSAAIIAGLFALCWLPLHIINCFTFFCPDCSHAPLWLMYLAIVLAHTNSVVNPFIYAYRIREFRQTFRKIIRSHVLRQQEPFKAHHHHHHHHHH
CoChR,1258165116,MLGNGSAIVPIDQCFCLAWTDSLGSDTEQLVANILQWFAFGFSILILMFYAYQTWRATCGWEEVYVCCVELTKVIIEFFHEFDDPSMLYLANGHRVQWLRYAEWLLTCPVILIHLSNLTGLKDDYSKRTMRLLVSDVGTIVWGATSAMSTGYVKVIFFVLGCIYGANTFFHAAKVYIESYHVVPKGRPRTVVRIMAWLFFLSWGMFPVLFVVGPEGFDAISVYGSTIGHTIIDLMSKNCWGLLGHYLRVLIHQHIIIYGDIRKKTKINVAGEEMEVETMVDQEDEETVGGSGGTGGSGGTMPAELLLLLIVAFANPSCQVLSSLRMAAILDDQTVCGRGERLALALAREQINGIIEVPAKARVEVDIFELQRDSQYETTDTMCQILPKGVVSVLGPSSSPASASTVSHICGEKEIPHIKVGPEETPRLQYLRFASVSLYPSNEDVSLAVSGASGGTVSKGEELFTGVVPILVELDGDVNGHKFSVSGEGEGDATYGKLTLKFICTTGKLPVPWPTLVTTLTYGVQCFSRYPDHMKQHDFFKSAMPEGYVQERTIFFKDDGNYKTRAEVKFEGDTLVNRIELKGIDFKEDGNILGHKLEYNYNSHNVYIMADKQKNGIKVNFKIRHNIEDGSVQLADHYQQNTPIGDGPVLLPDNHYLSTQSALSKDPNEKRDHMVLLEFVTAAGITLGMDELYK
Krokinobacter rhodopsin 2,2542347272,MTQELGNANFENFIGATEGFSEIAYQFTSHILTLGYAVMLAGLLYFILTIKNVDKKFQMSNILSAVVMVSAFLLLYAQAQNWTSSFTYNEEVGRYFLDPSGDLFNNGYRYLNWLIDVPMLLFQILFVVSLTSSKFSSVRNQFWFSGAMMIITGYIGQFYEVSNLTAFLVWGAISSAFFFHILWVMKKVIKEGKEGISPAGQKILSNIWILFLISWTLYPGAYLMPYLTGVDGFLYSEDGVMARQLVYTIADVSSKVIYGVLLGNLAITLSKNKELVKANS
Natronomonas pharaonis phoborhodopsin,161761092,MGDGDLDVELETRREDEIGDLYAAFDEMRQSVRTSLEDAKNAREDAEQAQKRAEEINTELLEHHHHHH
CatCh,2839612518,MKIEFYPYLLPESTFKSLKKQTRLIVYSLLMLVASVIYFPAYSQKTVDAKKTKYKSSKQEAKIKHTAALTLKASLNTIWFQKNEGQFGNTDVLYGFRTSFGSMGIFNNKLRVVTEQTANSKKIGKQIVDITFPGSMPNWTVFPGKDADVTGSYNTKSGTINAPIFNEVTLKNVYRGIDLRLYSGENGALEFDWLVARGEEYKKIRMNFKGQDSLIINKKGDIVIDMRQDDMEIAIPETYQLINGHKKKFSTGMAMLKDKNTLQYAIAGNINPGLPLVIDPVMLWSTYLHNNTSTFDEYLYTIAVNSASEVYACGFTNEAISSAYMSSVAPGFLSTYNYALNSSGAEQSVILYRLNPKGTAITAWTYTGQTTNIPVAMGIFPNNRILVVYQADTVQIFSADLTTRYFNNLIAANAGDITYQSQAIIDNNVFYLGGVAGTSLPASLVPATAPDPLFSKAEGLILRVKDASTTPVAEWGTYVGGSSVESFTAIAATPDKTKLAFAVHVNSKGNGYPALVNAVDNTIAGSELLVGVLPVGIPTAFDVFSYLGGSLNEGKITDQSNAALVAADNNYFYVAGNTTSTDMPGTIGSAQPGHGTNSGSSDQFLSRIPLNGSAGTGFITTYNGGDGIDLVGGLVIDLRTHDVLLFGTSESINFPVYNASTYSPFYQGIHGDTAAGKLDITYSVFANGLAARKFSTFIGGDHNDYLGSTGKLQGTGHFQYNFINGFTYIGTTIHSDQTTIPTQWMSSIPGFDKSIPLATLGKDNHFIFAMSPSTSDFGDAPASYDTVTPASSAVSFFDLRIGDEVDAEEGPNNSVLADGDDHLNSGSTDDEDGVASLATIAHGATSYSATVSVFNNIGAPVQLCGWIDSDGNGIFDTNEYATVNVPNSAVQQYVTLHFSALPPFSTVSGFTYLRLRIANVTLTAADATGAFGKGEVEDHIVLQNLILPVLLEKFTAIPQDENVLLNWTVNKVNNVQQFQIQHGTSIAQFNNLGSAVTDGKTNYVWLHATPITGNNYYRLKLICTDGTIRYSGIQKVNFSKNTPVSVYPNPVSGVLNINIIHAMINKPGIISFLTIDGKILSQKKIAALNQVESIDVSPYPQGEYLLKITFADKVIVKKINVKIY
CsChR,700289032,MSRLVAASWLLALLLCGITSTTTASSAPAASSTDGTAAAAVSHYAMNGFDELAKGAVVPEDHFVCGPADKCYCSAWLHSRGTPGEKIGAQVCQWIAFSIAIALLTFYGFSAWKATCGWEEVYVCCVEVLFVTLEIFKEFSSPATVYLSTGNHAYCLRYFEWLLSCPVILIKLSNLSGLKNDYSKRTMGLIVSCVGMIVFGMAAGLATDWLKWLLYIVSCIYGGYMYFQAAKCYVEANHSVPKGHCRMVVKLMAYAYFASWGSYPILWAVGPEGLLKLSPYANSIGHSICDIIAKEFWTFLAHHLRIKIHEHILIHGDIRKTTKMEIGGEEVEVEEFVEEEDEDTV
Anion channelrhodopsin-1,2046389666,ITCDPAIYGEWSRENQFCVEKSLITLDGIKYVQLVMAVVSACQVFFMVTRAPKVPWEAIYLPTTEMITYSLAFTGNGYIRVANGKYLPWARMASWLCTCPIMLGLVSNMALVKYKSIPLNPMMIAASSICTVFGITASVVLDPLHVWLYCFISSIFFIFEMVVAFAIFAITIHDFQTIGSPMSLKVVERLKLMRIVFYVSWMAYPILWSFSSTGACIMSENTSSVLYLLGDALCXNTYGILLWATTWGLLNGKWDRDYVKGRNVDGTLM
Chrimson,1519485370,MSRRPWLLALALAVALAAGSAGASTGSDATVPVATQDGPDYVFHRAHERMLFQTSYTLENNGSVICIPNNGQCFCLAWLHSRGTPGEKIGAQVCQWIAFSIAIALLTFYGFSAWKATCGWEEVYVCCVEVLFVTLEIFKEFSSPATVYLSTGNHAYCLRYFEWLLSCPVILIKLSNLSGLKNDYSKRTMGLIVSCVGMIVFGMAAGLATDWLKWLLYIVSCIYGGYMYFQAAKCYVEANHSVPKGHCRMVVKLMAYAYFASWGSYPILWAVGPEGLLKLSPYANSIGHSICDIIAXEFWTFLAHHLRIKIHEHILIHGDIRKTTKMEIGGEEVEVEEFVEEEDEDTV
ReaChR,530752657,MVSRRPWLLALALAVALAAGSAGASTGSDATVPVATQDGPDYVFHRAHERMLFQTSYTLENNGSVICIPNNGQCFCLAWLKSNGTNAEKLAANILQWVVFALSVACLGWYAYQAWRATCGWEEVYVALIEMMKSIIEAFHEFDSPATLWLSSGNGVVWMRYGEWLLTCPVLLIHLSNLTGLKDDYSKRTMGLLVSDVGCIVWGATSAMCTGWTKILFFLISLSYGMYTYFHAAKVYIEAFHTVPKGLCRQLVRAMAWLFFVSWGMFPVLFLLGPEGFGHISPYGSAIGHSILDLIAKNMWGVLGNYLRVKIHEHILLYGDIRKKQKITIAGQEMEVETLVAEEEDKYESS
ChroME,908037468,MKIKKILIKNFKNIKETRIIDFQENVTLFVGPNGFGKTTIFDAIELSLTGKIRRIEESDYSDGRSSFSAPYFQNNPNQNTFIELMLTNDEGNSLIVSSLYKSSMNTEGSNVPKFSFSKFQRRVRVGPGISFQSDEDFEGSSERDIQKDISQFLGYESEDYSLGDTFDLFHYIQQDETAYYLKQKEKDRKEQLNFLLNIGNYVNRKNRLERLRSTLSSSEKELRAKKGKLKNSPIKNNILYSKLSLRADTDFAFNNKSIIFDEELSNESLNIYLSEITKLQEFRNSFSPKDYFLRKQSEQFEREVLDDKDFTIYLIDIKSIENSLNNFTGWEFGRLWIEKFEPKLTEYKFKKGQLDDGTESINKLLEIRTRLKEHSTGNHSECIFCGYDWGESENLLAAYEETTNQLRKNLTNFEIEVSNLVEELNQLKMELQNQIQMEQEKLFVIPDDFLAAIRSISNYNFPESFSNLVVMNSEITPLPVDKSASLQEFENLKTELISSLQEKLLIPNEVYGTFLRVVNKSVDFEKLLEKYSILAGESIREYEISFDLLPISLHKFEENKDRLLVFLGDLRSQIVFDYSKSLDSQNLFDKYFASKEKTFEDCTIESINQKREYIINQFELQSLTMFHQIEKRLQIIEQTITYLQDRVRELNNNIKSYQEQMIQKLKLPFYMYTAKILQNYQQGMGVLLTTQNNSNIRFIANSNSEQDVMYQLSSGQVAVISFAFTLALNTTFKISRGFKFLSIDDPIQDMDSMNVYALIDLIRHSLSDYQIIMSTHNDGSAMFIKYKFELFSDSEISNVGLKNIKNILLLDVEVSS
RxR,2225703221,MTLDTQMFQNAHSGSQWLLPPLTILLLFAFADRQSAALPKAVVKLDPPWIQVLKEDMVTLMCEGTHNPGNSSTQWFHNWSSIRSQVQSSYTFKATVNDSGEYRCQMEQTRLSDPVDLGVISDWLLLQTPQRVFLEGETITLRCHSWRNKLLNRISFFHNEKSVRYHHYKSNFSIPKANHSHSGDYYCKGSLGSTQHQSKPVTITVQDPATTSSISLVWYHTAFSLVMCLLFAVDTGLYFYVRRNLQTPRDYWRKSLSIRKHQAPQDK
C1V1,342356711,MSRRPWLLALALAVALAAGSAGASTGSDATVPVATQDGPDYVFHRAHERMLFQTSYTLENNGSVICIPNNGQCFCLAWLKSNGTNAEKLAANILQWITFALSALCLMFYGYQTWKSTCGWEEIYVATIEMIKFIIEYFHEFDEPAVIYSSNGNKTVWLRYAEWLLTCPVLLIHLSNLTGLKDDYSKRTMGLLVSDVGCIVWGATSAMCTGWTKILFFLISLSYGMYTYFHAAKVYIEAFHTVPKGICRELVRVMAWTFFVAWGMFPVLFLLGTEGFGHISPYGSAIGHSILDLIAKNMWGVLGNYLRVKIHEHILLYGDIRKKQKITIAGQEMEVETLVAEEED
Bacteriorhodopsin,2590357193,MDQTAFLAGFTIMSLGSLAIYATGKKTHPSGHHTLLHASVPFIAATAYLAMAFGIGTLIKPDGSAIYLARYVDWSITTPILLASVVLAAFHERGRTGEVGGYLTSIIVLDVLMIVTGLISSLAGAPVVKWVWFGWSCVAFVGVLYLLWGPLKALATSRGKALGDAYTKNVSFLTVVWFLYPIVFAVGPEGLKIITDSASVWAILVMDVVAKVVYAFYAASNLDKALTQHDEARDSFQ
Leptosphaeria rhodopsin,2065437041,MIVDQFEEVLMKTSQLFPLPTATQSAQPTHVAPVPTVLPDTPIYETVGDSGSKTLWVVFVLMLIASAAFTALSWKIPVNRRLYHVITTIITLTAALSYFAMATGHGVALNKIVIRTQHDHVPDTYETVYRQVYYARYIDWAITTPLLLLDLGLLAGMSGAHIFMAIVADLIMVLTGLFAAFGSEGTPQKWGWYTIACIAYIFVVWHLVLNGGANARVKGEKLRSFFVAIGAYTLILWTAYPIVWGLADGARKIGVDGEIIAYAVLDVLAXGVFGAWLLVTHANLRESDVELNGFWANGLNREGAIRIGEDDGAGTHHHHHHHHH
Proteorhodopsin,524933982,MEEVNLLVLATQYMFWVGFVGMAAGTLYFLVERNSLAPEYRSTATVAALVTFVAAIHYYFMKDAVGTSGLLSEIDGFPTEIRYIDWLVTTPLLLVKFPLLLGLKGRLGRPLLTKLVIADVIMIVGGYIGESSINIAGGFTQLGLWSYLIGCFAWIYIIYLLFTNVTKAAENKPAPIRDALLKMRLFILIGWAIYPIGYAVTLFAPGVEIQLVRELIYNFADLTNKVGFGLIAFFAVKTMSSLSSSKGKTLTSHHHHHH
C1C2,1752309640,DIQLTQSPSSLSASVGDSVTITCRASQGFGNYLAWYQQRPGKVPEVLIYAATTLQSGVPSRFSGSGSGTDFTLTISSLQPEDVATYYCQKYNSAPFTFGQGTRLEIKRTVAAPSVFIFPPSDEQLKSGTASVVCLLNNFYPREAKVQWKVDNALQSGNSQESVTEQDSKDSTYSLSSTLTLSKADYEKHKVYACEVTHQGLSSPVTKSFNRGEC
Anion channelrhodopsin-2,1835923765,MNDSAVFTARLFVALTATILSIFYTFQMSQGRCNIHPLYVQLVTAVVYTLSSFGFDDFVFTTVLFADGTQVKVSIARYLFWVMTCPVILAGYIQLLHYMPTVQHDYIRTTFIVVKDIITMCFGILAAVQPAGTLKIIFLIISFIFSFWLIIDMFFLLRERAIDFSERRLWIWLQVTSWLMLSSWMIFPLLFIIGPPGFSAISEGGDAVGHAVGDLIAKNIFGFSVWYFRYYIVFPHRDRVMKEMAIKNPAMVSAAIVPADRNSKKKVSSVTAPPVGNILVVEREPHIQRLIEYLTQDANV
CnChR2,575828173,MEPVLGLASTAVRELTAGGSGNPYESYKPPEDPCALTPFGCLTNFWCDPQFGLADAKYDYCYVKAAYGELAIVETSRLPWLYSHGSDAEHQGALAMQWMAFALCIICLVFYAYHSWKATTGWEEVYVCVVELVKVLLEIYKEFESPASIYLPTANAALWLRYGEWLLTCPVILIHLSNITGLKDDYNKRTMQLLVSDIGCVVWGITAAFSVGWLKWVFFVLGLLYGSNTYFHAAKVYIESYHTVPKGHCRLIVRLMAYCFYVAWTMYPILFILGPEGLGHMSAYMSTALHGVADMLSKQIWGLLGHHLRVKIFEHILIHGDIRKTTTMQVGGQMVQVEEMVDEEDEDTI